場所,騎手,total_runs,wins,places,win_rate,place_rate
中京,アッゼニ,7,1,1,14.29,14.29
中京,アヴドゥ,6,0,3,0.0,50.0
中京,イーガン,9,3,5,33.33,55.56
中京,グティエ,6,0,0,0.0,0.0
中京,シュタル,50,2,11,4.0,22.0
中京,シュミノ,9,0,3,0.0,33.33
中京,スミヨン,10,2,5,20.0,50.0
中京,ティータ,4,0,0,0.0,0.0
中京,デットー,5,2,3,40.0,60.0
中京,デュプレ,44,1,5,2.27,11.36
中京,バルザロ,10,1,4,10.0,40.0
中京,バルジュ,78,5,19,6.41,24.36
中京,ヒューイ,7,0,1,0.0,14.29
中京,フォーリ,7,0,2,0.0,28.57
中京,ホワイト,34,4,8,11.76,23.53
中京,ボウマン,4,0,0,0.0,0.0
中京,マーフィ,16,1,4,6.25,25.0
中京,ミナリク,23,0,1,0.0,4.35
中京,ムルザバ,12,2,5,16.67,41.67
中京,ムーア,28,7,14,25.0,50.0
中京,モレイラ,8,3,5,37.5,62.5
中京,ルメール,317,64,147,20.19,46.37
中京,レーン,25,4,13,16.0,52.0
中京,ヴェロン,31,2,9,6.45,29.03
中京,三津谷隼,116,4,12,3.45,10.34
中京,三浦皇成,107,9,24,8.41,22.43
中京,下原理,6,0,0,0.0,0.0
中京,中井裕二,379,15,60,3.96,15.83
中京,中村将之,6,0,0,0.0,0.0
中京,中谷雄太,376,20,66,5.32,17.55
中京,丸山元気,459,33,99,7.19,21.57
中京,丸田恭介,336,13,46,3.87,13.69
中京,丹内祐次,127,6,18,4.72,14.17
中京,亀田温心,409,17,60,4.16,14.67
中京,二本柳壮,5,1,1,20.0,20.0
中京,五十嵐雄,1,0,0,0.0,0.0
中京,井上敏樹,101,1,8,0.99,7.92
中京,今村聖奈,138,8,32,5.8,23.19
中京,伊藤工真,71,6,10,8.45,14.08
中京,伴啓太,108,0,5,0.0,4.63
中京,佐々木大,30,1,3,3.33,10.0
中京,佐久間寛,5,0,0,0.0,0.0
中京,佐藤友則,75,2,11,2.67,14.67
中京,内田博幸,114,9,21,7.89,18.42
中京,加茂飛翔,2,0,0,0.0,0.0
中京,加藤祥太,330,15,53,4.55,16.06
中京,加藤聡一,2,0,0,0.0,0.0
中京,勝浦正樹,128,2,12,1.56,9.38
中京,北村友一,505,61,182,12.08,36.04
中京,北村宏司,62,4,11,6.45,17.74
中京,原優介,77,1,6,1.3,7.79
中京,原田和真,131,3,8,2.29,6.11
中京,及川烈,2,0,0,0.0,0.0
中京,古川吉洋,407,18,67,4.42,16.46
中京,古川奈穂,95,6,14,6.32,14.74
中京,吉井友彦,12,0,1,0.0,8.33
中京,吉原寛人,10,1,2,10.0,20.0
中京,吉田豊,38,1,4,2.63,10.53
中京,吉田隼人,728,73,185,10.03,25.41
中京,和田竜二,955,73,260,7.64,27.23
中京,和田翼,309,15,46,4.85,14.89
中京,嘉藤貴行,14,0,3,0.0,21.43
中京,四位洋文,39,3,12,7.69,30.77
中京,団野大成,432,27,95,6.25,21.99
中京,国分優作,498,17,65,3.41,13.05
中京,国分恭介,323,8,45,2.48,13.93
中京,土田真翔,4,0,0,0.0,0.0
中京,坂井瑠星,482,47,135,9.75,28.01
中京,城戸義政,273,15,35,5.49,12.82
中京,大下智,3,0,0,0.0,0.0
中京,大久保友,30,1,3,3.33,10.0
中京,大塚海渡,11,0,1,0.0,9.09
中京,大山龍太,2,0,1,0.0,50.0
中京,大庭和弥,21,0,0,0.0,0.0
中京,大木天翔,2,0,1,0.0,50.0
中京,大江原圭,1,0,0,0.0,0.0
中京,大畑雅章,2,0,0,0.0,0.0
中京,大野拓弥,116,5,22,4.31,18.97
中京,太宰啓介,593,30,90,5.06,15.18
中京,宮崎北斗,60,1,5,1.67,8.33
中京,富田暁,645,31,128,4.81,19.84
中京,小坂忠士,17,0,1,0.0,5.88
中京,小島太一,7,0,1,0.0,14.29
中京,小崎綾也,345,13,53,3.77,15.36
中京,小林凌大,87,3,11,3.45,12.64
中京,小林徹弥,16,1,2,6.25,12.5
中京,小林脩斗,27,1,1,3.7,3.7
中京,小沢大仁,312,19,46,6.09,14.74
中京,小牧太,239,11,40,4.6,16.74
中京,小野寺祐,7,0,0,0.0,0.0
中京,山本康志,3,0,0,0.0,0.0
中京,山田敬士,119,1,10,0.84,8.4
中京,山田祥雄,1,0,0,0.0,0.0
中京,岡田祥嗣,161,3,25,1.86,15.53
中京,岡部誠,26,0,0,0.0,0.0
中京,岩田康誠,394,30,111,7.61,28.17
中京,岩田望来,677,86,226,12.7,33.38
中京,岩部純二,38,0,1,0.0,2.63
中京,嶋田純次,77,1,7,1.3,9.09
中京,川又賢治,468,20,82,4.27,17.52
中京,川島信二,129,5,17,3.88,13.18
中京,川田将雅,602,141,310,23.42,51.5
中京,川端海翼,37,0,4,0.0,10.81
中京,川須栄彦,493,14,68,2.84,13.79
中京,平野優,12,0,0,0.0,0.0
中京,幸英明,1201,94,293,7.83,24.4
中京,戸崎圭太,145,20,42,13.79,28.97
中京,斎藤新,411,24,78,5.84,18.98
中京,服部寿希,144,2,10,1.39,6.94
中京,木幡初也,194,4,13,2.06,6.7
中京,木幡巧也,76,0,7,0.0,9.21
中京,木幡育也,70,1,9,1.43,12.86
中京,木間塚龍,2,0,0,0.0,0.0
中京,杉原誠人,106,4,17,3.77,16.04
中京,杉浦健太,1,0,0,0.0,0.0
中京,村田一誠,16,1,1,6.25,6.25
中京,東川公則,3,0,0,0.0,0.0
中京,松山弘平,1111,131,351,11.79,31.59
中京,松岡正海,42,1,7,2.38,16.67
中京,松本大輝,209,6,28,2.87,13.4
中京,松田大作,363,18,66,4.96,18.18
中京,松若風馬,968,71,217,7.33,22.42
中京,柴山雄一,408,16,60,3.92,14.71
中京,柴田善臣,13,0,2,0.0,15.38
中京,柴田大知,36,4,10,11.11,27.78
中京,柴田未崎,66,2,5,3.03,7.58
中京,柿原翔,8,0,1,0.0,12.5
中京,森一馬,56,4,8,7.14,14.29
中京,森裕太朗,380,17,57,4.47,15.0
中京,横山典弘,223,23,74,10.31,33.18
中京,横山和生,157,10,29,6.37,18.47
中京,横山武史,327,21,65,6.42,19.88
中京,横山琉人,37,4,6,10.81,16.22
中京,武士沢友,7,0,0,0.0,0.0
中京,武幸四郎,18,2,3,11.11,16.67
中京,武藤雅,42,0,4,0.0,9.52
中京,武豊,573,71,215,12.39,37.52
中京,水口優也,129,2,17,1.55,13.18
中京,水沼元輝,7,0,0,0.0,0.0
中京,永島まな,210,6,22,2.86,10.48
中京,永野猛蔵,31,3,6,9.68,19.35
中京,江田勇亮,1,0,0,0.0,0.0
中京,江田照男,27,1,3,3.7,11.11
中京,池添謙一,356,31,95,8.71,26.69
中京,泉谷楓真,341,21,67,6.16,19.65
中京,津村明秀,169,12,44,7.1,26.04
中京,浅野皓大,2,0,0,0.0,0.0
中京,浜中俊,365,40,123,10.96,33.7
中京,熊沢重文,42,0,2,0.0,4.76
中京,田中健,165,6,25,3.64,15.15
中京,田中勝春,31,1,3,3.23,9.68
中京,田中博康,18,1,1,5.56,5.56
中京,田辺裕信,171,17,47,9.94,27.49
中京,畑端省吾,25,1,2,4.0,8.0
中京,白浜雄造,1,0,0,0.0,0.0
中京,的場勇人,67,1,6,1.49,8.96
中京,石川裕紀,37,4,5,10.81,13.51
中京,石橋脩,111,6,27,5.41,24.32
中京,石神深一,2,0,0,0.0,0.0
中京,福永祐一,790,157,372,19.87,47.09
中京,秋山真一,492,29,95,5.89,19.31
中京,秋山稔樹,157,7,20,4.46,12.74
中京,竹之下智,25,1,5,4.0,20.0
中京,義英真,205,7,33,3.41,16.1
中京,花田大昂,1,0,0,0.0,0.0
中京,荻野極,645,40,129,6.2,20.0
中京,荻野琢真,99,5,11,5.05,11.11
中京,菅原明良,59,4,13,6.78,22.03
中京,菅原隆一,15,0,1,0.0,6.67
中京,菊沢一樹,212,3,21,1.42,9.91
中京,菱田裕二,589,37,112,6.28,19.02
中京,藤井勘一,227,8,29,3.52,12.78
中京,藤岡佑介,325,38,103,11.69,31.69
中京,藤岡康太,966,87,279,9.01,28.88
中京,藤懸貴志,319,11,32,3.45,10.03
中京,藤田菜七,321,9,46,2.8,14.33
中京,蛯名正義,37,4,6,10.81,16.22
中京,西塚洸二,7,0,1,0.0,14.29
中京,西村太一,37,1,6,2.7,16.22
中京,西村淳也,627,51,166,8.13,26.48
中京,西田雄一,51,0,3,0.0,5.88
中京,西谷凜,64,1,9,1.56,14.06
中京,角田大和,300,13,53,4.33,17.67
中京,角田大河,191,12,35,6.28,18.32
中京,酒井学,615,22,78,3.58,12.68
中京,野中悠太,13,1,1,7.69,7.69
中京,野畑凌,2,0,0,0.0,0.0
中京,金山昇馬,2,0,0,0.0,0.0
中京,長岡禎仁,254,8,26,3.15,10.24
中京,難波剛健,9,2,2,22.22,22.22
中京,高倉稜,353,15,46,4.25,13.03
中京,高田潤,32,2,7,6.25,21.88
中京,鮫島克駿,1002,52,208,5.19,20.76
中京,鮫島良太,215,5,25,2.33,11.63
中京,鷲頭虎太,48,2,6,4.17,12.5
中京,黒岩悠,8,0,2,0.0,25.0
中京,黛弘人,226,7,24,3.1,10.62
中京,Ｃ．デム,68,12,33,17.65,48.53
中京,Ｍ．デム,419,70,192,16.71,45.82
中山,アヴドゥ,25,4,9,16.0,36.0
中山,イーガン,11,1,2,9.09,18.18
中山,オールプ,22,0,2,0.0,9.09
中山,コントレ,28,1,5,3.57,17.86
中山,シュタル,100,14,35,14.0,35.0
中山,シュミノ,63,10,22,15.87,34.92
中山,スミヨン,2,0,1,0.0,50.0
中山,ドイル,52,1,7,1.92,13.46
中山,バルザロ,3,0,0,0.0,0.0
中山,ヒューイ,95,12,33,12.63,34.74
中山,ビュイッ,51,12,26,23.53,50.98
中山,フォーリ,23,3,9,13.04,39.13
中山,ブロンデ,26,2,4,7.69,15.38
中山,プレブル,1,0,1,0.0,100.0
中山,ベリー,77,9,26,11.69,33.77
中山,ボウマン,10,2,5,20.0,50.0
中山,マーカン,61,7,19,11.48,31.15
中山,マーフィ,222,44,109,19.82,49.1
中山,ミナリク,325,22,64,6.77,19.69
中山,ムルザバ,3,1,1,33.33,33.33
中山,ムーア,26,8,13,30.77,50.0
中山,モッセ,3,0,1,0.0,33.33
中山,モレイラ,25,9,17,36.0,68.0
中山,ルメール,825,220,437,26.67,52.97
中山,レーン,21,5,10,23.81,47.62
中山,七夕裕次,2,0,1,0.0,50.0
中山,三浦皇成,1551,150,470,9.67,30.3
中山,上野翔,3,0,0,0.0,0.0
中山,中井裕二,32,5,7,15.62,21.88
中山,中谷雄太,37,1,6,2.7,16.22
中山,中越琉世,4,1,2,25.0,50.0
中山,中野省吾,6,0,1,0.0,16.67
中山,丸山元気,907,59,195,6.5,21.5
中山,丸田恭介,684,22,94,3.22,13.74
中山,丹内祐次,1078,32,167,2.97,15.49
中山,亀田温心,19,1,2,5.26,10.53
中山,二本柳壮,119,3,13,2.52,10.92
中山,五十嵐冬,12,1,4,8.33,33.33
中山,五十嵐雄,2,0,0,0.0,0.0
中山,井上敏樹,336,9,38,2.68,11.31
中山,今村聖奈,6,0,3,0.0,50.0
中山,仲野光馬,1,0,0,0.0,0.0
中山,伊藤工真,214,6,24,2.8,11.21
中山,伴啓太,116,0,3,0.0,2.59
中山,佐々木大,53,3,7,5.66,13.21
中山,佐藤友則,4,0,0,0.0,0.0
中山,保園翔也,2,0,0,0.0,0.0
中山,内田博幸,1863,133,386,7.14,20.72
中山,加藤祥太,13,2,2,15.38,15.38
中山,加藤聡一,5,0,0,0.0,0.0
中山,勝浦正樹,859,33,140,3.84,16.3
中山,北村友一,83,5,18,6.02,21.69
中山,北村宏司,1322,91,307,6.88,23.22
中山,原優介,385,7,39,1.82,10.13
中山,原田和真,169,2,14,1.18,8.28
中山,古川吉洋,27,3,5,11.11,18.52
中山,古川奈穂,2,0,0,0.0,0.0
中山,吉井友彦,5,0,0,0.0,0.0
中山,吉井章,3,0,1,0.0,33.33
中山,吉原寛人,10,0,0,0.0,0.0
中山,吉田豊,1072,60,209,5.6,19.5
中山,吉田隼人,503,26,103,5.17,20.48
中山,和田竜二,182,13,37,7.14,20.33
中山,和田翼,13,0,4,0.0,30.77
中山,嘉藤貴行,513,8,39,1.56,7.6
中山,四位洋文,11,0,1,0.0,9.09
中山,団野大成,36,2,8,5.56,22.22
中山,国分優作,32,1,3,3.12,9.38
中山,国分恭介,15,0,1,0.0,6.67
中山,土田真翔,29,0,0,0.0,0.0
中山,坂井瑠星,99,7,15,7.07,15.15
中山,城戸義政,9,1,1,11.11,11.11
中山,大久保友,3,0,0,0.0,0.0
中山,大塚海渡,39,1,5,2.56,12.82
中山,大庭和弥,109,0,5,0.0,4.59
中山,大江原圭,4,0,0,0.0,0.0
中山,大野拓弥,1945,144,457,7.4,23.5
中山,太宰啓介,11,0,1,0.0,9.09
中山,宮崎北斗,409,17,48,4.16,11.74
中山,富田暁,21,0,2,0.0,9.52
中山,小坂忠士,2,0,1,0.0,50.0
中山,小島太一,32,0,3,0.0,9.38
中山,小崎綾也,7,0,1,0.0,14.29
中山,小林凌大,273,8,35,2.93,12.82
中山,小林徹弥,1,0,0,0.0,0.0
中山,小林脩斗,380,16,45,4.21,11.84
中山,小沢大仁,7,0,0,0.0,0.0
中山,小牧太,5,0,0,0.0,0.0
中山,小野寺祐,18,0,0,0.0,0.0
中山,山本咲希,9,0,0,0.0,0.0
中山,山本康志,1,0,0,0.0,0.0
中山,山田敬士,401,5,38,1.25,9.48
中山,岡村健司,1,0,0,0.0,0.0
中山,岡田祥嗣,11,0,1,0.0,9.09
中山,岩本怜,2,1,1,50.0,50.0
中山,岩田康誠,369,29,93,7.86,25.2
中山,岩田望来,108,7,25,6.48,23.15
中山,岩部純二,393,5,29,1.27,7.38
中山,嶋田純次,296,5,29,1.69,9.8
中山,川又賢治,22,1,3,4.55,13.64
中山,川島信二,18,0,1,0.0,5.56
中山,川島正太,1,0,0,0.0,0.0
中山,川田将雅,182,39,87,21.43,47.8
中山,川須栄彦,15,1,2,6.67,13.33
中山,左海誠二,3,0,0,0.0,0.0
中山,平野優,27,0,2,0.0,7.41
中山,幸英明,50,5,11,10.0,22.0
中山,張田昂,2,0,0,0.0,0.0
中山,御神本訓,9,0,0,0.0,0.0
中山,戸崎圭太,1677,233,661,13.89,39.42
中山,斎藤新,135,9,25,6.67,18.52
中山,早田功駿,3,0,0,0.0,0.0
中山,服部寿希,6,1,1,16.67,16.67
中山,服部茂史,4,0,0,0.0,0.0
中山,木幡初也,347,10,42,2.88,12.1
中山,木幡初広,115,4,12,3.48,10.43
中山,木幡巧也,1363,65,248,4.77,18.2
中山,木幡育也,564,16,70,2.84,12.41
中山,木本直,2,0,0,0.0,0.0
中山,木間塚龍,2,0,0,0.0,0.0
中山,本橋孝太,1,0,0,0.0,0.0
中山,本田正重,2,0,0,0.0,0.0
中山,杉原誠人,490,13,60,2.65,12.24
中山,村田一誠,161,2,14,1.24,8.7
中山,松山弘平,189,20,53,10.58,28.04
中山,松岡正海,1092,60,211,5.49,19.32
中山,松木大地,5,1,2,20.0,40.0
中山,松本大輝,6,1,2,16.67,33.33
中山,松田大作,39,2,9,5.13,23.08
中山,松若風馬,49,1,8,2.04,16.33
中山,柴山雄一,642,42,123,6.54,19.16
中山,柴田善臣,826,35,128,4.24,15.5
中山,柴田大知,1668,74,315,4.44,18.88
中山,柴田未崎,1,0,0,0.0,0.0
中山,栗原大河,2,0,0,0.0,0.0
中山,桜井光輔,5,0,0,0.0,0.0
中山,森一馬,11,1,2,9.09,18.18
中山,森泰斗,53,5,12,9.43,22.64
中山,森裕太朗,6,1,3,16.67,50.0
中山,横山典弘,760,102,265,13.42,34.87
中山,横山和生,735,54,145,7.35,19.73
中山,横山武史,937,109,291,11.63,31.06
中山,横山琉人,249,16,34,6.43,13.65
中山,武士沢友,906,18,88,1.99,9.71
中山,武幸四郎,14,1,3,7.14,21.43
中山,武藤雅,1046,63,196,6.02,18.74
中山,武豊,214,31,84,14.49,39.25
中山,水口優也,18,0,1,0.0,5.56
中山,水沼元輝,29,1,4,3.45,13.79
中山,永島まな,2,0,0,0.0,0.0
中山,永野猛蔵,403,24,62,5.96,15.38
中山,江田勇亮,4,0,0,0.0,0.0
中山,江田照男,1340,66,188,4.93,14.03
中山,池添謙一,198,18,41,9.09,20.71
中山,津村明秀,1279,68,276,5.32,21.58
中山,浜中俊,91,11,28,12.09,30.77
中山,渡辺竜也,4,0,2,0.0,50.0
中山,瀧川寿希,9,0,2,0.0,22.22
中山,熊沢重文,8,1,1,12.5,12.5
中山,田中健,6,0,2,0.0,33.33
中山,田中勝春,874,36,141,4.12,16.13
中山,田中博康,12,0,1,0.0,8.33
中山,田辺裕信,1717,209,598,12.17,34.83
中山,町田直希,3,0,0,0.0,0.0
中山,畑端省吾,12,1,5,8.33,41.67
中山,的場勇人,181,2,8,1.1,4.42
中山,真島大輔,10,0,1,0.0,10.0
中山,矢野貴之,4,0,0,0.0,0.0
中山,石堂響,2,0,0,0.0,0.0
中山,石川裕紀,1200,78,232,6.5,19.33
中山,石橋脩,1188,121,340,10.19,28.62
中山,石神深一,8,0,0,0.0,0.0
中山,福永祐一,231,28,77,12.12,33.33
中山,秋山真一,20,1,3,5.0,15.0
中山,秋山稔樹,242,4,26,1.65,10.74
中山,笹川翼,26,0,2,0.0,7.69
中山,篠谷葵,2,0,1,0.0,50.0
中山,義英真,8,0,0,0.0,0.0
中山,臼井健太,2,0,0,0.0,0.0
中山,若杉朝飛,2,0,0,0.0,0.0
中山,草野太郎,4,0,0,0.0,0.0
中山,荻野極,33,5,8,15.15,24.24
中山,荻野琢真,12,1,1,8.33,8.33
中山,菅原俊吏,1,0,0,0.0,0.0
中山,菅原明良,805,50,176,6.21,21.86
中山,菅原隆一,172,5,10,2.91,5.81
中山,菊沢一樹,765,28,98,3.66,12.81
中山,菱田裕二,103,6,14,5.83,13.59
中山,落合玄太,3,0,1,0.0,33.33
中山,蓑島靖典,1,0,0,0.0,0.0
中山,藤井勘一,26,3,10,11.54,38.46
中山,藤岡佑介,128,13,32,10.16,25.0
中山,藤岡康太,45,4,10,8.89,22.22
中山,藤懸貴志,18,2,5,11.11,27.78
中山,藤田菜七,628,15,57,2.39,9.08
中山,蛯名正義,711,57,174,8.02,24.47
中山,西塚洸二,49,2,7,4.08,14.29
中山,西村太一,75,0,3,0.0,4.0
中山,西村淳也,33,2,6,6.06,18.18
中山,西田雄一,295,4,32,1.36,10.85
中山,西谷凜,2,0,0,0.0,0.0
中山,角田大和,3,1,1,33.33,33.33
中山,酒井学,66,1,8,1.52,12.12
中山,野中悠太,1235,29,132,2.35,10.69
中山,鈴木慶太,1,0,0,0.0,0.0
中山,鈴木祐,2,0,0,0.0,0.0
中山,長岡禎仁,155,6,20,3.87,12.9
中山,長谷部駿,5,0,1,0.0,20.0
中山,難波剛健,1,0,0,0.0,0.0
中山,飛田愛斗,2,1,1,50.0,50.0
中山,高倉稜,27,1,5,3.7,18.52
中山,高松亮,1,0,0,0.0,0.0
中山,高田潤,2,0,0,0.0,0.0
中山,高野和馬,10,0,1,0.0,10.0
中山,魚住謙心,2,1,2,50.0,100.0
中山,鮫島克駿,67,2,14,2.99,20.9
中山,鮫島良太,21,1,3,4.76,14.29
中山,鴨宮祥行,1,0,0,0.0,0.0
中山,黛弘人,414,7,53,1.69,12.8
中山,Ｃ．デム,53,7,26,13.21,49.06
中山,Ｍ．デム,693,121,291,17.46,41.99
京都,アッゼニ,59,2,15,3.39,25.42
京都,アヴドゥ,45,3,13,6.67,28.89
京都,シュタル,205,18,67,8.78,32.68
京都,シュミノ,46,5,11,10.87,23.91
京都,スミヨン,35,8,17,22.86,48.57
京都,デュプレ,33,1,4,3.03,12.12
京都,バルザロ,52,5,15,9.62,28.85
京都,バルジュ,34,1,8,2.94,23.53
京都,ビュイッ,10,2,2,20.0,20.0
京都,フォーリ,229,14,55,6.11,24.02
京都,ベリー,9,0,1,0.0,11.11
京都,ボウマン,22,1,9,4.55,40.91
京都,マクドノ,43,1,3,2.33,6.98
京都,マーフィ,40,4,13,10.0,32.5
京都,ミナリク,12,0,2,0.0,16.67
京都,ムーア,59,9,32,15.25,54.24
京都,モレイラ,42,16,25,38.1,59.52
京都,ルメール,572,119,278,20.8,48.6
京都,ヴェロン,92,7,20,7.61,21.74
京都,三津谷隼,358,3,19,0.84,5.31
京都,三浦皇成,81,5,20,6.17,24.69
京都,下原理,14,0,0,0.0,0.0
京都,中井裕二,126,7,18,5.56,14.29
京都,中村将之,6,0,0,0.0,0.0
京都,中谷雄太,157,10,29,6.37,18.47
京都,丸山元気,61,3,18,4.92,29.51
京都,丸田恭介,17,0,2,0.0,11.76
京都,丸野勝虎,5,0,0,0.0,0.0
京都,丹内祐次,38,1,6,2.63,15.79
京都,亀田温心,186,7,19,3.76,10.22
京都,二本柳壮,1,0,0,0.0,0.0
京都,五十嵐雄,1,0,0,0.0,0.0
京都,井上敏樹,2,0,0,0.0,0.0
京都,伊藤工真,1,0,0,0.0,0.0
京都,伴啓太,1,0,0,0.0,0.0
京都,佐久間寛,4,0,0,0.0,0.0
京都,佐原秀泰,1,0,0,0.0,0.0
京都,佐藤友則,131,3,7,2.29,5.34
京都,内田博幸,65,1,9,1.54,13.85
京都,加藤祥太,320,14,41,4.38,12.81
京都,勝浦正樹,27,1,3,3.7,11.11
京都,北村友一,721,66,214,9.15,29.68
京都,北村宏司,60,6,17,10.0,28.33
京都,原田和真,11,0,1,0.0,9.09
京都,古川吉洋,701,42,126,5.99,17.97
京都,吉井友彦,10,0,0,0.0,0.0
京都,吉原寛人,18,3,5,16.67,27.78
京都,吉村智洋,10,0,0,0.0,0.0
京都,吉田豊,3,0,1,0.0,33.33
京都,吉田隼人,128,7,26,5.47,20.31
京都,和田竜二,1489,113,379,7.59,25.45
京都,和田翼,390,10,50,2.56,12.82
京都,嘉藤貴行,4,0,2,0.0,50.0
京都,四位洋文,464,39,122,8.41,26.29
京都,団野大成,118,5,20,4.24,16.95
京都,国分優作,744,19,74,2.55,9.95
京都,国分恭介,895,26,143,2.91,15.98
京都,坂井瑠星,628,34,114,5.41,18.15
京都,城戸義政,328,9,37,2.74,11.28
京都,大下智,9,1,1,11.11,11.11
京都,大庭和弥,1,0,0,0.0,0.0
京都,大江原圭,1,0,0,0.0,0.0
京都,大畑雅章,1,0,0,0.0,0.0
京都,大野拓弥,76,2,16,2.63,21.05
京都,太宰啓介,719,24,101,3.34,14.05
京都,宮崎北斗,9,0,0,0.0,0.0
京都,富田暁,348,19,42,5.46,12.07
京都,小坂忠士,30,1,3,3.33,10.0
京都,小崎綾也,385,15,47,3.9,12.21
京都,小林徹弥,152,6,16,3.95,10.53
京都,小牧太,740,37,114,5.0,15.41
京都,小野寺祐,3,0,1,0.0,33.33
京都,山本聡哉,5,0,0,0.0,0.0
京都,岡田祥嗣,201,10,26,4.98,12.94
京都,岡部誠,7,0,0,0.0,0.0
京都,岩田康誠,1099,106,354,9.65,32.21
京都,岩田望来,289,19,61,6.57,21.11
京都,岩部純二,7,0,0,0.0,0.0
京都,嶋田純次,3,0,0,0.0,0.0
京都,川原正一,7,0,0,0.0,0.0
京都,川又賢治,196,9,33,4.59,16.84
京都,川島信二,383,20,64,5.22,16.71
京都,川田将雅,984,186,474,18.9,48.17
京都,川須栄彦,448,26,77,5.8,17.19
京都,左海誠二,1,0,0,0.0,0.0
京都,平野優,1,0,0,0.0,0.0
京都,幸英明,1454,98,351,6.74,24.14
京都,御神本訓,2,0,0,0.0,0.0
京都,戸崎圭太,128,14,36,10.94,28.12
京都,斎藤新,138,4,23,2.9,16.67
京都,服部寿希,100,0,1,0.0,1.0
京都,木幡初広,1,0,0,0.0,0.0
京都,木幡巧也,7,0,0,0.0,0.0
京都,木幡育也,4,0,0,0.0,0.0
京都,杉原誠人,21,1,3,4.76,14.29
京都,杉浦健太,4,0,0,0.0,0.0
京都,村田一誠,6,0,0,0.0,0.0
京都,松山弘平,1406,142,372,10.1,26.46
京都,松岡正海,70,2,11,2.86,15.71
京都,松田大作,435,33,99,7.59,22.76
京都,松若風馬,1162,64,221,5.51,19.02
京都,柴山雄一,85,3,11,3.53,12.94
京都,柴田善臣,9,0,1,0.0,11.11
京都,柴田大知,38,2,4,5.26,10.53
京都,柴田未崎,134,1,10,0.75,7.46
京都,柿原翔,3,0,0,0.0,0.0
京都,森一馬,72,3,9,4.17,12.5
京都,森泰斗,5,0,1,0.0,20.0
京都,森裕太朗,378,13,57,3.44,15.08
京都,横山典弘,112,7,23,6.25,20.54
京都,横山和生,5,0,1,0.0,20.0
京都,横山武史,5,0,0,0.0,0.0
京都,武士沢友,8,0,0,0.0,0.0
京都,武幸四郎,123,6,13,4.88,10.57
京都,武藤雅,22,1,6,4.55,27.27
京都,武豊,872,146,379,16.74,43.46
京都,水口優也,285,6,32,2.11,11.23
京都,永島太郎,1,0,0,0.0,0.0
京都,江田照男,6,0,0,0.0,0.0
京都,池添謙一,947,90,253,9.5,26.72
京都,泉谷楓真,128,2,10,1.56,7.81
京都,津村明秀,58,2,10,3.45,17.24
京都,浜中俊,942,87,290,9.24,30.79
京都,熊沢重文,29,0,2,0.0,6.9
京都,田中健,366,14,47,3.83,12.84
京都,田中勝春,34,1,7,2.94,20.59
京都,田中博康,8,0,0,0.0,0.0
京都,田中学,10,0,0,0.0,0.0
京都,田村太雅,4,0,0,0.0,0.0
京都,田辺裕信,71,4,13,5.63,18.31
京都,畑端省吾,71,4,15,5.63,21.13
京都,白浜雄造,2,0,0,0.0,0.0
京都,的場勇人,4,0,0,0.0,0.0
京都,的場文男,2,0,1,0.0,50.0
京都,真島大輔,1,0,0,0.0,0.0
京都,石堂響,1,0,0,0.0,0.0
京都,石川裕紀,39,2,7,5.13,17.95
京都,石橋脩,42,1,10,2.38,23.81
京都,石神深一,2,0,0,0.0,0.0
京都,福永祐一,886,134,367,15.12,41.42
京都,秋山真一,537,21,88,3.91,16.39
京都,竹之下智,100,6,18,6.0,18.0
京都,笹川翼,3,0,0,0.0,0.0
京都,筒井勇介,6,0,1,0.0,16.67
京都,繁田健一,1,0,0,0.0,0.0
京都,義英真,265,6,29,2.26,10.94
京都,花田大昂,4,0,0,0.0,0.0
京都,荻野極,543,29,97,5.34,17.86
京都,荻野琢真,152,5,20,3.29,13.16
京都,菊沢一樹,13,0,1,0.0,7.69
京都,菱田裕二,371,17,62,4.58,16.71
京都,藤井勘一,199,10,26,5.03,13.07
京都,藤原幹生,7,0,0,0.0,0.0
京都,藤岡佑介,817,92,263,11.26,32.19
京都,藤岡康太,887,60,207,6.76,23.34
京都,藤懸貴志,266,8,38,3.01,14.29
京都,藤田菜七,5,0,1,0.0,20.0
京都,蛯名正義,58,2,3,3.45,5.17
京都,西村太一,1,0,0,0.0,0.0
京都,西村淳也,168,3,19,1.79,11.31
京都,西田雄一,5,0,0,0.0,0.0
京都,酒井学,844,40,135,4.74,16.0
京都,野中悠太,3,0,0,0.0,0.0
京都,長岡禎仁,49,2,4,4.08,8.16
京都,難波剛健,12,0,0,0.0,0.0
京都,高倉稜,573,18,56,3.14,9.77
京都,高田潤,64,2,7,3.12,10.94
京都,鮫島克駿,312,16,48,5.13,15.38
京都,鮫島良太,349,9,39,2.58,11.17
京都,黒岩悠,4,0,0,0.0,0.0
京都,黛弘人,6,0,1,0.0,16.67
京都,Ｃ．デム,119,19,48,15.97,40.34
京都,Ｍ．デム,683,132,328,19.33,48.02
函館,ティータ,29,1,5,3.45,17.24
函館,ホワイト,3,0,0,0.0,0.0
函館,ルメール,271,56,146,20.66,53.87
函館,レーン,6,3,5,50.0,83.33
函館,三津谷隼,15,0,0,0.0,0.0
函館,三浦皇成,109,14,36,12.84,33.03
函館,中井裕二,78,2,14,2.56,17.95
函館,中谷雄太,6,0,3,0.0,50.0
函館,丸山元気,367,22,86,5.99,23.43
函館,丸田恭介,20,2,5,10.0,25.0
函館,丹内祐次,618,31,155,5.02,25.08
函館,亀田温心,194,11,34,5.67,17.53
函館,二本柳壮,5,0,0,0.0,0.0
函館,五十嵐冬,5,0,1,0.0,20.0
函館,井上敏樹,143,4,13,2.8,9.09
函館,伊藤工真,5,0,1,0.0,20.0
函館,内田博幸,12,0,1,0.0,8.33
函館,加藤祥太,193,14,33,7.25,17.1
函館,勝浦正樹,463,30,101,6.48,21.81
函館,北村友一,230,31,97,13.48,42.17
函館,北村宏司,2,0,0,0.0,0.0
函館,原田和真,99,8,26,8.08,26.26
函館,古川吉洋,386,24,76,6.22,19.69
函館,古川奈穂,33,3,9,9.09,27.27
函館,吉田豊,10,1,4,10.0,40.0
函館,吉田隼人,526,68,167,12.93,31.75
函館,和田竜二,24,1,3,4.17,12.5
函館,嘉藤貴行,1,0,0,0.0,0.0
函館,四位洋文,142,5,36,3.52,25.35
函館,団野大成,216,22,55,10.19,25.46
函館,国分優作,12,0,2,0.0,16.67
函館,国分恭介,186,11,45,5.91,24.19
函館,土田真翔,5,0,0,0.0,0.0
函館,坂井瑠星,337,25,73,7.42,21.66
函館,城戸義政,155,10,31,6.45,20.0
函館,大久保友,20,1,1,5.0,5.0
函館,大塚海渡,1,0,0,0.0,0.0
函館,大庭和弥,1,0,0,0.0,0.0
函館,大野拓弥,195,15,61,7.69,31.28
函館,太宰啓介,6,1,3,16.67,50.0
函館,宮崎光行,1,0,0,0.0,0.0
函館,富田暁,53,3,8,5.66,15.09
函館,小島太一,3,0,2,0.0,66.67
函館,小崎綾也,88,6,11,6.82,12.5
函館,小林凌大,95,7,13,7.37,13.68
函館,小林徹弥,35,0,0,0.0,0.0
函館,小林脩斗,5,0,2,0.0,40.0
函館,小沢大仁,80,3,7,3.75,8.75
函館,山田敬士,145,5,15,3.45,10.34
函館,岩田康誠,531,61,192,11.49,36.16
函館,岩部純二,4,0,1,0.0,25.0
函館,嶋田純次,33,1,6,3.03,18.18
函館,川又賢治,37,0,4,0.0,10.81
函館,川島信二,87,2,10,2.3,11.49
函館,川田将雅,6,0,3,0.0,50.0
函館,川須栄彦,55,3,12,5.45,21.82
函館,幸英明,14,0,1,0.0,7.14
函館,戸崎圭太,21,4,9,19.05,42.86
函館,斎藤新,80,4,16,5.0,20.0
函館,服部茂史,3,0,1,0.0,33.33
函館,木幡初也,128,7,25,5.47,19.53
函館,木幡初広,34,1,6,2.94,17.65
函館,木幡巧也,54,1,8,1.85,14.81
函館,木幡育也,8,2,4,25.0,50.0
函館,杉原誠人,30,4,10,13.33,33.33
函館,村田一誠,2,1,1,50.0,50.0
函館,松岡正海,267,19,62,7.12,23.22
函館,松本大輝,3,1,1,33.33,33.33
函館,松田大作,126,8,19,6.35,15.08
函館,柴山雄一,235,9,44,3.83,18.72
函館,柴田善臣,4,1,1,25.0,25.0
函館,桑村真明,16,0,1,0.0,6.25
函館,森一馬,2,0,0,0.0,0.0
函館,横山和生,355,24,83,6.76,23.38
函館,横山武史,481,65,171,13.51,35.55
函館,横山琉人,105,4,13,3.81,12.38
函館,武藤雅,55,5,12,9.09,21.82
函館,武豊,258,40,113,15.5,43.8
函館,水口優也,87,6,17,6.9,19.54
函館,永島まな,27,0,1,0.0,3.7
函館,江田照男,2,1,1,50.0,50.0
函館,池添謙一,479,73,181,15.24,37.79
函館,泉谷楓真,130,9,27,6.92,20.77
函館,浜中俊,148,17,51,11.49,34.46
函館,田中勝春,10,3,4,30.0,40.0
函館,田中博康,7,0,0,0.0,0.0
函館,田辺裕信,10,0,2,0.0,20.0
函館,畑端省吾,2,0,0,0.0,0.0
函館,的場勇人,11,0,3,0.0,27.27
函館,石川裕紀,71,3,13,4.23,18.31
函館,石橋脩,11,0,2,0.0,18.18
函館,福永祐一,6,1,3,16.67,50.0
函館,秋山真一,5,0,3,0.0,60.0
函館,秋山稔樹,192,8,31,4.17,16.15
函館,竹之下智,44,2,7,4.55,15.91
函館,荻野極,47,2,8,4.26,17.02
函館,荻野琢真,142,5,19,3.52,13.38
函館,菅原明良,74,4,16,5.41,21.62
函館,菅原隆一,1,0,0,0.0,0.0
函館,菊沢一樹,139,2,8,1.44,5.76
函館,菱田裕二,451,27,92,5.99,20.4
函館,落合玄太,1,0,0,0.0,0.0
函館,藤岡佑介,417,58,144,13.91,34.53
函館,藤岡康太,302,29,86,9.6,28.48
函館,藤懸貴志,13,1,3,7.69,23.08
函館,蛯名正義,127,6,32,4.72,25.2
函館,西塚洸二,29,2,5,6.9,17.24
函館,西村太一,17,2,6,11.76,35.29
函館,西村淳也,76,4,23,5.26,30.26
函館,西田雄一,1,0,1,0.0,100.0
函館,西谷凜,27,2,5,7.41,18.52
函館,角田大和,78,7,21,8.97,26.92
函館,野中悠太,4,0,0,0.0,0.0
函館,長岡禎仁,110,1,14,0.91,12.73
函館,阿部龍,6,1,1,16.67,16.67
函館,高倉稜,2,0,0,0.0,0.0
函館,高松亮,1,0,0,0.0,0.0
函館,鮫島克駿,139,14,33,10.07,23.74
函館,鷲頭虎太,24,4,7,16.67,29.17
函館,黛弘人,368,9,51,2.45,13.86
函館,Ｍ．デム,11,1,3,9.09,27.27
小倉,アヴドゥ,75,14,29,18.67,38.67
小倉,シュタル,7,0,2,0.0,28.57
小倉,バルジュ,176,20,50,11.36,28.41
小倉,フォーリ,11,0,1,0.0,9.09
小倉,ホワイト,92,9,36,9.78,39.13
小倉,ホー,30,3,7,10.0,23.33
小倉,ルメール,10,2,4,20.0,40.0
小倉,三津谷隼,130,5,14,3.85,10.77
小倉,三浦皇成,15,1,5,6.67,33.33
小倉,上野翔,1,0,0,0.0,0.0
小倉,下原理,5,0,1,0.0,20.0
小倉,中井裕二,264,10,38,3.79,14.39
小倉,中村将之,1,0,0,0.0,0.0
小倉,中谷雄太,246,13,45,5.28,18.29
小倉,丸山元気,203,14,39,6.9,19.21
小倉,丸田恭介,257,15,43,5.84,16.73
小倉,丹内祐次,571,36,129,6.3,22.59
小倉,亀田温心,350,13,49,3.71,14.0
小倉,二本柳壮,54,2,5,3.7,9.26
小倉,井上敏樹,11,0,0,0.0,0.0
小倉,今村聖奈,141,16,38,11.35,26.95
小倉,伊藤工真,27,0,0,0.0,0.0
小倉,伴啓太,78,1,6,1.28,7.69
小倉,佐久間寛,1,0,0,0.0,0.0
小倉,佐藤友則,5,0,0,0.0,0.0
小倉,内田博幸,18,2,4,11.11,22.22
小倉,加藤祥太,171,6,25,3.51,14.62
小倉,勝浦正樹,217,11,44,5.07,20.28
小倉,北村友一,622,67,210,10.77,33.76
小倉,原優介,78,2,10,2.56,12.82
小倉,原田和真,149,2,17,1.34,11.41
小倉,古川吉洋,234,11,49,4.7,20.94
小倉,吉本隆記,1,0,0,0.0,0.0
小倉,吉村智洋,3,0,1,0.0,33.33
小倉,吉田豊,2,0,0,0.0,0.0
小倉,吉田隼人,588,62,175,10.54,29.76
小倉,吉田順治,3,0,0,0.0,0.0
小倉,和田竜二,724,56,209,7.73,28.87
小倉,和田翼,315,14,47,4.44,14.92
小倉,嘉藤貴行,4,0,1,0.0,25.0
小倉,四位洋文,5,0,0,0.0,0.0
小倉,団野大成,268,15,69,5.6,25.75
小倉,国分優作,335,11,43,3.28,12.84
小倉,国分恭介,167,9,24,5.39,14.37
小倉,坂井瑠星,138,15,42,10.87,30.43
小倉,城戸義政,190,3,19,1.58,10.0
小倉,大下智,14,0,2,0.0,14.29
小倉,大庭和弥,10,0,0,0.0,0.0
小倉,大柿一真,1,0,0,0.0,0.0
小倉,大野拓弥,9,0,0,0.0,0.0
小倉,太宰啓介,378,10,42,2.65,11.11
小倉,宮崎北斗,53,1,4,1.89,7.55
小倉,富田暁,574,32,103,5.57,17.94
小倉,小坂忠士,20,1,3,5.0,15.0
小倉,小島太一,1,0,0,0.0,0.0
小倉,小崎綾也,282,16,45,5.67,15.96
小倉,小松丈二,2,0,0,0.0,0.0
小倉,小林凌大,175,4,26,2.29,14.86
小倉,小林徹弥,7,0,1,0.0,14.29
小倉,小沢大仁,175,10,35,5.71,20.0
小倉,小牧太,298,15,67,5.03,22.48
小倉,山口勲,58,0,2,0.0,3.45
小倉,山田敬士,136,4,21,2.94,15.44
小倉,岡田祥嗣,127,2,15,1.57,11.81
小倉,岩橋勇二,1,0,0,0.0,0.0
小倉,岩田康誠,97,10,27,10.31,27.84
小倉,岩田望来,232,16,69,6.9,29.74
小倉,嶋田純次,113,1,10,0.88,8.85
小倉,川又賢治,345,14,54,4.06,15.65
小倉,川島信二,92,2,12,2.17,13.04
小倉,川田将雅,339,96,193,28.32,56.93
小倉,川端海翼,17,0,0,0.0,0.0
小倉,川須栄彦,471,22,76,4.67,16.14
小倉,左海誠二,1,0,0,0.0,0.0
小倉,平野優,4,0,0,0.0,0.0
小倉,幸英明,909,74,245,8.14,26.95
小倉,戸崎圭太,16,2,5,12.5,31.25
小倉,斎藤新,436,23,80,5.28,18.35
小倉,服部寿希,141,0,7,0.0,4.96
小倉,木幡初也,194,6,17,3.09,8.76
小倉,木幡巧也,53,3,8,5.66,15.09
小倉,木幡育也,29,0,2,0.0,6.9
小倉,杉原誠人,73,3,9,4.11,12.33
小倉,村田一誠,2,0,0,0.0,0.0
小倉,松山弘平,873,116,288,13.29,32.99
小倉,松岡正海,3,0,0,0.0,0.0
小倉,松木大地,1,0,0,0.0,0.0
小倉,松本大輝,265,16,55,6.04,20.75
小倉,松田大作,125,5,19,4.0,15.2
小倉,松若風馬,797,72,174,9.03,21.83
小倉,柴山雄一,153,8,28,5.23,18.3
小倉,柴田善臣,6,1,1,16.67,16.67
小倉,柴田大知,75,2,12,2.67,16.0
小倉,柴田未崎,68,3,9,4.41,13.24
小倉,森一馬,22,0,4,0.0,18.18
小倉,森裕太朗,276,11,45,3.99,16.3
小倉,横山典弘,49,3,8,6.12,16.33
小倉,横山和生,236,27,66,11.44,27.97
小倉,横山武史,192,20,48,10.42,25.0
小倉,武士沢友,2,1,1,50.0,50.0
小倉,武幸四郎,22,1,5,4.55,22.73
小倉,武藤雅,4,2,2,50.0,50.0
小倉,武豊,313,49,126,15.65,40.26
小倉,水口優也,118,8,21,6.78,17.8
小倉,永島まな,138,5,14,3.62,10.14
小倉,江田照男,2,0,0,0.0,0.0
小倉,池添謙一,6,0,1,0.0,16.67
小倉,泉谷楓真,209,14,50,6.7,23.92
小倉,津村明秀,77,4,12,5.19,15.58
小倉,浜中俊,593,75,215,12.65,36.26
小倉,熊沢重文,21,0,1,0.0,4.76
小倉,田中健,269,15,40,5.58,14.87
小倉,田中勝春,14,0,0,0.0,0.0
小倉,田中博康,6,0,0,0.0,0.0
小倉,田中直人,1,0,0,0.0,0.0
小倉,田中純,1,0,1,0.0,100.0
小倉,田村太雅,3,0,0,0.0,0.0
小倉,田辺裕信,21,0,1,0.0,4.76
小倉,畑端省吾,23,0,2,0.0,8.7
小倉,的場勇人,37,0,2,0.0,5.41
小倉,真島正徳,1,0,0,0.0,0.0
小倉,石川慎将,4,0,0,0.0,0.0
小倉,石川裕紀,24,2,3,8.33,12.5
小倉,石橋脩,11,0,1,0.0,9.09
小倉,福永祐一,211,48,103,22.75,48.82
小倉,秋山真一,493,32,108,6.49,21.91
小倉,秋山稔樹,167,9,26,5.39,15.57
小倉,竹之下智,21,0,3,0.0,14.29
小倉,竹吉徹,3,0,0,0.0,0.0
小倉,義英真,220,3,21,1.36,9.55
小倉,草野太郎,1,0,0,0.0,0.0
小倉,荻野極,578,24,103,4.15,17.82
小倉,荻野琢真,69,2,7,2.9,10.14
小倉,菅原明良,128,11,27,8.59,21.09
小倉,菅原隆一,1,0,0,0.0,0.0
小倉,菊沢一樹,84,3,10,3.57,11.9
小倉,菱田裕二,453,34,103,7.51,22.74
小倉,藤井勘一,135,2,16,1.48,11.85
小倉,藤岡佑介,310,38,98,12.26,31.61
小倉,藤岡康太,807,80,231,9.91,28.62
小倉,藤懸貴志,371,13,50,3.5,13.48
小倉,藤田菜七,287,13,42,4.53,14.63
小倉,蛯名正義,21,4,6,19.05,28.57
小倉,西村太一,43,0,2,0.0,4.65
小倉,西村淳也,744,69,200,9.27,26.88
小倉,西田雄一,131,1,4,0.76,3.05
小倉,西谷凜,23,1,4,4.35,17.39
小倉,角田大和,177,3,29,1.69,16.38
小倉,角田大河,103,10,20,9.71,19.42
小倉,酒井学,520,18,89,3.46,17.12
小倉,野中悠太,3,0,0,0.0,0.0
小倉,長岡禎仁,129,7,20,5.43,15.5
小倉,難波剛健,8,0,0,0.0,0.0
小倉,飛田愛斗,1,0,0,0.0,0.0
小倉,高倉稜,347,11,48,3.17,13.83
小倉,高田潤,29,0,3,0.0,10.34
小倉,鮫島克也,9,0,0,0.0,0.0
小倉,鮫島克駿,921,66,207,7.17,22.48
小倉,鮫島良太,276,11,46,3.99,16.67
小倉,黒岩悠,6,0,0,0.0,0.0
小倉,黛弘人,326,9,38,2.76,11.66
小倉,Ｍ．デム,46,12,28,26.09,60.87
新潟,デュプレ,4,0,0,0.0,0.0
新潟,ホー,22,2,4,9.09,18.18
新潟,ルメール,88,24,52,27.27,59.09
新潟,レーン,2,1,1,50.0,50.0
新潟,ヴェロン,7,2,4,28.57,57.14
新潟,三津谷隼,23,1,2,4.35,8.7
新潟,三浦皇成,504,53,162,10.52,32.14
新潟,上野翔,3,0,0,0.0,0.0
新潟,中井裕二,212,15,49,7.08,23.11
新潟,中村将之,1,0,0,0.0,0.0
新潟,中谷雄太,130,11,34,8.46,26.15
新潟,丸山元気,629,54,183,8.59,29.09
新潟,丸田恭介,702,37,136,5.27,19.37
新潟,丸野勝虎,1,0,0,0.0,0.0
新潟,丹内祐次,589,33,131,5.6,22.24
新潟,亀田温心,295,19,61,6.44,20.68
新潟,二本柳壮,35,0,5,0.0,14.29
新潟,五十嵐雄,3,0,0,0.0,0.0
新潟,井上敏樹,160,4,14,2.5,8.75
新潟,今村聖奈,122,19,39,15.57,31.97
新潟,伊藤工真,133,3,19,2.26,14.29
新潟,伴啓太,239,3,15,1.26,6.28
新潟,佐々木大,76,3,10,3.95,13.16
新潟,佐久間寛,2,0,0,0.0,0.0
新潟,佐藤友則,22,0,0,0.0,0.0
新潟,内田博幸,592,42,129,7.09,21.79
新潟,加藤祥太,272,10,49,3.68,18.01
新潟,勝浦正樹,479,30,104,6.26,21.71
新潟,北村友一,245,27,69,11.02,28.16
新潟,北村宏司,333,20,77,6.01,23.12
新潟,原優介,324,8,45,2.47,13.89
新潟,原田和真,163,3,22,1.84,13.5
新潟,古川吉洋,107,6,21,5.61,19.63
新潟,古川奈穂,38,2,6,5.26,15.79
新潟,吉井友彦,3,0,0,0.0,0.0
新潟,吉田豊,355,15,65,4.23,18.31
新潟,吉田隼人,583,71,195,12.18,33.45
新潟,和田竜二,163,8,33,4.91,20.25
新潟,和田翼,123,6,26,4.88,21.14
新潟,嘉藤貴行,255,9,32,3.53,12.55
新潟,団野大成,175,15,45,8.57,25.71
新潟,国分優作,36,1,5,2.78,13.89
新潟,国分恭介,37,3,7,8.11,18.92
新潟,土田真翔,12,0,0,0.0,0.0
新潟,坂井瑠星,203,24,64,11.82,31.53
新潟,城戸義政,129,2,20,1.55,15.5
新潟,大久保友,4,0,1,0.0,25.0
新潟,大塚海渡,45,2,6,4.44,13.33
新潟,大庭和弥,60,0,2,0.0,3.33
新潟,大江原圭,1,0,0,0.0,0.0
新潟,大畑雅章,1,0,0,0.0,0.0
新潟,大野拓弥,395,32,95,8.1,24.05
新潟,太宰啓介,54,0,4,0.0,7.41
新潟,宮崎北斗,348,13,47,3.74,13.51
新潟,富田暁,290,16,58,5.52,20.0
新潟,小坂忠士,11,0,2,0.0,18.18
新潟,小島太一,9,0,0,0.0,0.0
新潟,小崎綾也,169,8,29,4.73,17.16
新潟,小林凌大,231,4,25,1.73,10.82
新潟,小林徹弥,2,0,1,0.0,50.0
新潟,小林脩斗,289,7,38,2.42,13.15
新潟,小沢大仁,139,5,22,3.6,15.83
新潟,小牧太,30,2,7,6.67,23.33
新潟,小野寺祐,10,0,1,0.0,10.0
新潟,山田敬士,280,7,24,2.5,8.57
新潟,岡田祥嗣,22,2,7,9.09,31.82
新潟,岩田康誠,233,23,70,9.87,30.04
新潟,岩田望来,317,33,97,10.41,30.6
新潟,岩部純二,168,4,14,2.38,8.33
新潟,嶋田純次,254,8,40,3.15,15.75
新潟,川又賢治,333,19,61,5.71,18.32
新潟,川島信二,48,2,11,4.17,22.92
新潟,川田将雅,102,28,54,27.45,52.94
新潟,川端海翼,3,0,0,0.0,0.0
新潟,川須栄彦,216,18,44,8.33,20.37
新潟,左海誠二,3,0,0,0.0,0.0
新潟,平野優,16,0,2,0.0,12.5
新潟,幸英明,131,9,33,6.87,25.19
新潟,戸崎圭太,557,96,238,17.24,42.73
新潟,斎藤新,434,31,84,7.14,19.35
新潟,服部寿希,57,1,6,1.75,10.53
新潟,木幡初也,428,16,55,3.74,12.85
新潟,木幡初広,50,1,7,2.0,14.0
新潟,木幡巧也,929,47,158,5.06,17.01
新潟,木幡育也,377,12,53,3.18,14.06
新潟,杉原誠人,452,23,61,5.09,13.5
新潟,村田一誠,66,0,3,0.0,4.55
新潟,松山弘平,125,10,34,8.0,27.2
新潟,松岡正海,65,0,3,0.0,4.62
新潟,松本大輝,193,9,32,4.66,16.58
新潟,松田大作,53,3,16,5.66,30.19
新潟,松若風馬,116,5,33,4.31,28.45
新潟,柴山雄一,219,17,48,7.76,21.92
新潟,柴田善臣,387,20,62,5.17,16.02
新潟,柴田大知,594,25,104,4.21,17.51
新潟,柴田未崎,6,0,1,0.0,16.67
新潟,森一馬,34,1,3,2.94,8.82
新潟,森泰斗,18,2,5,11.11,27.78
新潟,森裕太朗,172,12,27,6.98,15.7
新潟,横山典弘,124,16,41,12.9,33.06
新潟,横山和生,272,22,53,8.09,19.49
新潟,横山武史,325,25,84,7.69,25.85
新潟,横山琉人,110,7,17,6.36,15.45
新潟,武士沢友,294,8,26,2.72,8.84
新潟,武幸四郎,2,0,0,0.0,0.0
新潟,武藤雅,463,26,81,5.62,17.49
新潟,武豊,16,1,4,6.25,25.0
新潟,水口優也,46,2,5,4.35,10.87
新潟,水沼元輝,24,0,0,0.0,0.0
新潟,永島まな,131,6,22,4.58,16.79
新潟,永野猛蔵,123,4,14,3.25,11.38
新潟,江田勇亮,2,0,0,0.0,0.0
新潟,江田照男,414,12,35,2.9,8.45
新潟,池添謙一,66,15,27,22.73,40.91
新潟,泉谷楓真,164,13,37,7.93,22.56
新潟,津村明秀,1018,84,272,8.25,26.72
新潟,浜中俊,38,2,13,5.26,34.21
新潟,熊沢重文,17,0,2,0.0,11.76
新潟,田中健,39,4,10,10.26,25.64
新潟,田中勝春,275,12,41,4.36,14.91
新潟,田辺裕信,389,43,129,11.05,33.16
新潟,畑端省吾,10,0,1,0.0,10.0
新潟,的場勇人,101,6,17,5.94,16.83
新潟,石川裕紀,390,18,66,4.62,16.92
新潟,石橋脩,605,66,168,10.91,27.77
新潟,石神深一,7,0,0,0.0,0.0
新潟,福永祐一,274,56,129,20.44,47.08
新潟,秋山真一,191,21,47,10.99,24.61
新潟,秋山稔樹,280,18,48,6.43,17.14
新潟,竹之下智,6,0,2,0.0,33.33
新潟,笹川翼,8,0,2,0.0,25.0
新潟,義英真,66,5,11,7.58,16.67
新潟,草野太郎,1,0,0,0.0,0.0
新潟,荻野極,258,13,48,5.04,18.6
新潟,荻野琢真,58,0,7,0.0,12.07
新潟,菅原俊吏,1,0,0,0.0,0.0
新潟,菅原明良,639,57,164,8.92,25.67
新潟,菅原辰徳,1,0,0,0.0,0.0
新潟,菅原隆一,89,3,13,3.37,14.61
新潟,菊沢一樹,713,33,112,4.63,15.71
新潟,菱田裕二,482,40,120,8.3,24.9
新潟,蓑島靖典,1,0,0,0.0,0.0
新潟,藤井勘一,73,3,10,4.11,13.7
新潟,藤岡佑介,25,3,10,12.0,40.0
新潟,藤岡康太,89,9,22,10.11,24.72
新潟,藤懸貴志,119,7,17,5.88,14.29
新潟,藤田菜七,878,66,166,7.52,18.91
新潟,蛯名正義,131,11,37,8.4,28.24
新潟,西村太一,54,1,3,1.85,5.56
新潟,西村淳也,512,50,139,9.77,27.15
新潟,西田雄一,363,15,46,4.13,12.67
新潟,西谷凜,29,1,5,3.45,17.24
新潟,角田大和,109,7,20,6.42,18.35
新潟,角田大河,29,1,7,3.45,24.14
新潟,酒井学,85,4,8,4.71,9.41
新潟,野中悠太,406,10,45,2.46,11.08
新潟,長岡禎仁,176,8,26,4.55,14.77
新潟,難波剛健,1,0,0,0.0,0.0
新潟,高倉稜,33,4,6,12.12,18.18
新潟,高田潤,5,0,1,0.0,20.0
新潟,高野和馬,1,0,0,0.0,0.0
新潟,鮫島克駿,523,50,159,9.56,30.4
新潟,鮫島良太,90,3,13,3.33,14.44
新潟,鷲頭虎太,16,0,1,0.0,6.25
新潟,黒岩悠,3,0,0,0.0,0.0
新潟,黛弘人,294,8,37,2.72,12.59
新潟,Ｍ．デム,377,71,155,18.83,41.11
札幌,イーガン,9,0,2,0.0,22.22
札幌,ウィリア,20,0,5,0.0,25.0
札幌,ウィルソ,4,0,1,0.0,25.0
札幌,オドノヒ,10,0,2,0.0,20.0
札幌,オールプ,7,0,0,0.0,0.0
札幌,クウィリ,6,0,0,0.0,0.0
札幌,クラスト,7,0,2,0.0,28.57
札幌,グラハム,4,0,0,0.0,0.0
札幌,コレット,4,0,0,0.0,0.0
札幌,スコフィ,10,0,1,0.0,10.0
札幌,スペンサ,4,0,1,0.0,25.0
札幌,ダシルヴ,5,1,2,20.0,40.0
札幌,ティータ,51,7,13,13.73,25.49
札幌,バシュロ,5,1,2,20.0,40.0
札幌,パコー,9,0,1,0.0,11.11
札幌,フォーリ,9,0,1,0.0,11.11
札幌,ベハラー,4,0,2,0.0,50.0
札幌,ホワイト,4,1,1,25.0,25.0
札幌,ホー,12,0,2,0.0,16.67
札幌,マカヴォ,9,1,1,11.11,11.11
札幌,マリヨン,5,0,1,0.0,20.0
札幌,ミシェル,4,1,1,25.0,25.0
札幌,メンディ,9,0,2,0.0,22.22
札幌,モレイラ,171,60,107,35.09,62.57
札幌,ルパルー,7,0,1,0.0,14.29
札幌,ルメール,552,142,301,25.72,54.53
札幌,三津谷隼,25,0,2,0.0,8.0
札幌,三浦皇成,110,12,37,10.91,33.64
札幌,中井裕二,38,0,5,0.0,13.16
札幌,中谷雄太,6,0,2,0.0,33.33
札幌,中野省吾,15,0,3,0.0,20.0
札幌,丸山元気,291,11,53,3.78,18.21
札幌,丸田恭介,14,0,1,0.0,7.14
札幌,丹内祐次,665,48,148,7.22,22.26
札幌,亀田温心,184,14,41,7.61,22.28
札幌,二本柳壮,3,1,2,33.33,66.67
札幌,五十嵐冬,43,2,8,4.65,18.6
札幌,井上俊彦,6,0,1,0.0,16.67
札幌,井上幹太,3,0,2,0.0,66.67
札幌,井上敏樹,154,5,21,3.25,13.64
札幌,伊藤千尋,1,0,0,0.0,0.0
札幌,伊藤工真,5,0,1,0.0,20.0
札幌,佐々木国,2,0,0,0.0,0.0
札幌,内田博幸,56,4,9,7.14,16.07
札幌,加藤祥太,200,10,25,5.0,12.5
札幌,勝浦正樹,471,17,94,3.61,19.96
札幌,北村友一,11,0,1,0.0,9.09
札幌,北村宏司,8,0,2,0.0,25.0
札幌,原優介,9,0,2,0.0,22.22
札幌,原田和真,130,2,10,1.54,7.69
札幌,古川吉洋,445,20,74,4.49,16.63
札幌,古川奈穂,28,0,2,0.0,7.14
札幌,吉村智洋,11,0,0,0.0,0.0
札幌,吉田豊,4,0,1,0.0,25.0
札幌,吉田隼人,487,53,149,10.88,30.6
札幌,和田竜二,36,3,13,8.33,36.11
札幌,和田翼,1,0,0,0.0,0.0
札幌,四位洋文,135,15,43,11.11,31.85
札幌,団野大成,328,17,70,5.18,21.34
札幌,国分優作,3,0,0,0.0,0.0
札幌,国分恭介,192,13,50,6.77,26.04
札幌,土田真翔,14,0,1,0.0,7.14
札幌,坂井瑠星,348,22,70,6.32,20.11
札幌,城戸義政,137,8,28,5.84,20.44
札幌,大久保友,39,1,2,2.56,5.13
札幌,大庭和弥,6,1,2,16.67,33.33
札幌,大野拓弥,180,9,56,5.0,31.11
札幌,太宰啓介,5,0,2,0.0,40.0
札幌,宮崎光行,9,0,0,0.0,0.0
札幌,富田暁,6,1,1,16.67,16.67
札幌,小島太一,4,0,0,0.0,0.0
札幌,小崎綾也,90,1,9,1.11,10.0
札幌,小林凌大,130,5,19,3.85,14.62
札幌,小林徹弥,18,0,1,0.0,5.56
札幌,小沢大仁,110,4,21,3.64,19.09
札幌,小牧太,2,0,1,0.0,50.0
札幌,山本咲希,3,0,0,0.0,0.0
札幌,山田敬士,145,3,17,2.07,11.72
札幌,岡部誠,4,0,1,0.0,25.0
札幌,岩橋勇二,7,0,0,0.0,0.0
札幌,岩田康誠,245,22,74,8.98,30.2
札幌,岩田望来,8,2,3,25.0,37.5
札幌,岩部純二,3,0,0,0.0,0.0
札幌,嶋田純次,16,0,2,0.0,12.5
札幌,川又賢治,43,2,6,4.65,13.95
札幌,川島信二,99,4,15,4.04,15.15
札幌,川田将雅,49,17,27,34.69,55.1
札幌,左海誠二,3,0,0,0.0,0.0
札幌,平野優,1,0,0,0.0,0.0
札幌,幸英明,18,0,4,0.0,22.22
札幌,戸崎圭太,79,5,22,6.33,27.85
札幌,斎藤新,83,7,20,8.43,24.1
札幌,服部寿希,2,0,0,0.0,0.0
札幌,服部茂史,27,0,6,0.0,22.22
札幌,木幡初也,89,4,11,4.49,12.36
札幌,木幡育也,2,0,0,0.0,0.0
札幌,杉原誠人,15,0,1,0.0,6.67
札幌,村田一誠,3,0,0,0.0,0.0
札幌,松井伸也,4,0,0,0.0,0.0
札幌,松山弘平,20,2,7,10.0,35.0
札幌,松岡正海,221,19,60,8.6,27.15
札幌,松田大作,179,11,37,6.15,20.67
札幌,松若風馬,6,0,0,0.0,0.0
札幌,柴山雄一,307,15,54,4.89,17.59
札幌,柴田善臣,12,0,2,0.0,16.67
札幌,柴田大知,35,2,8,5.71,22.86
札幌,桑村真明,42,0,2,0.0,4.76
札幌,横山典弘,139,15,51,10.79,36.69
札幌,横山和生,408,43,115,10.54,28.19
札幌,横山武史,579,78,186,13.47,32.12
札幌,横山琉人,103,5,16,4.85,15.53
札幌,武藤雅,6,1,1,16.67,16.67
札幌,武豊,257,40,118,15.56,45.91
札幌,水口優也,79,3,12,3.8,15.19
札幌,永島まな,31,0,2,0.0,6.45
札幌,永島太郎,1,0,0,0.0,0.0
札幌,永森大智,8,1,1,12.5,12.5
札幌,江田照男,16,0,1,0.0,6.25
札幌,池添謙一,463,53,150,11.45,32.4
札幌,泉谷楓真,148,5,23,3.38,15.54
札幌,浜中俊,88,6,25,6.82,28.41
札幌,田中健,2,1,1,50.0,50.0
札幌,田中勝春,10,1,4,10.0,40.0
札幌,田中博康,8,0,0,0.0,0.0
札幌,田辺裕信,31,1,10,3.23,32.26
札幌,田野豊三,1,0,0,0.0,0.0
札幌,畑端省吾,2,0,0,0.0,0.0
札幌,的場勇人,16,0,3,0.0,18.75
札幌,的場文男,6,0,0,0.0,0.0
札幌,石川倭,38,1,5,2.63,13.16
札幌,石川裕紀,97,5,17,5.15,17.53
札幌,石橋脩,3,0,0,0.0,0.0
札幌,福永祐一,191,21,75,10.99,39.27
札幌,秋山真一,10,1,1,10.0,10.0
札幌,秋山稔樹,244,19,53,7.79,21.72
札幌,竹之下智,34,0,1,0.0,2.94
札幌,笹川翼,2,0,0,0.0,0.0
札幌,荻野極,51,2,9,3.92,17.65
札幌,荻野琢真,160,4,18,2.5,11.25
札幌,菅原明良,69,6,13,8.7,18.84
札幌,菅原隆一,5,0,2,0.0,40.0
札幌,菊沢一樹,129,1,24,0.78,18.6
札幌,菱田裕二,479,33,108,6.89,22.55
札幌,落合玄太,13,0,0,0.0,0.0
札幌,藤井勘一,2,0,0,0.0,0.0
札幌,藤岡佑介,426,34,127,7.98,29.81
札幌,藤岡康太,289,19,74,6.57,25.61
札幌,藤懸貴志,2,0,1,0.0,50.0
札幌,藤田菜七,24,1,4,4.17,16.67
札幌,蛯名正義,114,8,31,7.02,27.19
札幌,西塚洸二,45,2,2,4.44,4.44
札幌,西村太一,21,0,2,0.0,9.52
札幌,西村淳也,3,0,0,0.0,0.0
札幌,西谷凜,33,0,4,0.0,12.12
札幌,角田大和,98,9,23,9.18,23.47
札幌,酒井学,16,0,3,0.0,18.75
札幌,長岡禎仁,83,3,10,3.61,12.05
札幌,阪野学,3,0,0,0.0,0.0
札幌,阿部龍,17,0,1,0.0,5.88
札幌,鮫島克駿,117,11,36,9.4,30.77
札幌,鷲頭虎太,56,1,6,1.79,10.71
札幌,黛弘人,393,16,54,4.07,13.74
札幌,Ｃ．デム,13,0,2,0.0,15.38
札幌,Ｍ．デム,60,6,25,10.0,41.67
東京,アッゼニ,9,0,0,0.0,0.0
東京,アヴドゥ,15,1,5,6.67,33.33
東京,オドノヒ,39,6,16,15.38,41.03
東京,オールプ,19,1,2,5.26,10.53
東京,ギュイヨ,10,2,2,20.0,20.0
東京,クリッパ,2,0,0,0.0,0.0
東京,コントレ,23,1,6,4.35,26.09
東京,シュタル,49,5,14,10.2,28.57
東京,シュミノ,56,5,14,8.93,25.0
東京,スミヨン,23,7,15,30.43,65.22
東京,デットー,11,3,4,27.27,36.36
東京,デュプレ,7,0,0,0.0,0.0
東京,ドイル,56,1,12,1.79,21.43
東京,バルザロ,4,0,0,0.0,0.0
東京,パリッシ,1,0,0,0.0,0.0
東京,パートン,1,0,0,0.0,0.0
東京,ヒューイ,38,6,14,15.79,36.84
東京,ビュイッ,40,6,16,15.0,40.0
東京,ファーガ,1,0,0,0.0,0.0
東京,フォーリ,55,2,13,3.64,23.64
東京,ブドー,1,0,0,0.0,0.0
東京,ブノワ,5,0,1,0.0,20.0
東京,ブロンデ,37,0,4,0.0,10.81
東京,プレブル,2,0,0,0.0,0.0
東京,ベリー,128,20,47,15.62,36.72
東京,ボウマン,76,13,30,17.11,39.47
東京,ポルク,1,0,0,0.0,0.0
東京,マーカン,77,9,26,11.69,33.77
東京,マーフィ,55,17,32,30.91,58.18
東京,ミナリク,132,7,18,5.3,13.64
東京,ムルザバ,8,0,1,0.0,12.5
東京,ムーア,162,33,77,20.37,47.53
東京,モレイラ,69,15,39,21.74,56.52
東京,ルメール,1745,481,1011,27.56,57.94
東京,レーン,370,87,186,23.51,50.27
東京,ヴェロン,27,2,6,7.41,22.22
東京,三津谷隼,1,0,0,0.0,0.0
東京,三浦皇成,1625,136,456,8.37,28.06
東京,上野翔,5,0,0,0.0,0.0
東京,中井裕二,15,1,2,6.67,13.33
東京,中村将之,1,0,0,0.0,0.0
東京,中谷雄太,58,3,7,5.17,12.07
東京,丸山元気,663,39,131,5.88,19.76
東京,丸田恭介,512,15,60,2.93,11.72
東京,丹内祐次,372,6,29,1.61,7.8
東京,亀田温心,27,1,2,3.7,7.41
東京,二本柳壮,78,0,6,0.0,7.69
東京,五十嵐冬,5,0,0,0.0,0.0
東京,五十嵐雄,5,0,0,0.0,0.0
東京,井上敏樹,226,2,16,0.88,7.08
東京,今村聖奈,10,0,1,0.0,10.0
東京,今野忠成,3,0,0,0.0,0.0
東京,伊藤工真,219,5,28,2.28,12.79
東京,伴啓太,106,1,3,0.94,2.83
東京,佐々木大,37,0,2,0.0,5.41
東京,佐藤友則,10,1,1,10.0,10.0
東京,内田博幸,2173,162,505,7.46,23.24
東京,加藤祥太,7,1,1,14.29,14.29
東京,勝浦正樹,380,10,43,2.63,11.32
東京,北村友一,178,18,47,10.11,26.4
東京,北村宏司,1402,88,291,6.28,20.76
東京,原優介,337,6,32,1.78,9.5
東京,原田和真,150,0,10,0.0,6.67
東京,古川吉洋,84,5,9,5.95,10.71
東京,古川奈穂,7,1,2,14.29,28.57
東京,吉原寛人,24,0,2,0.0,8.33
東京,吉田豊,1350,58,257,4.3,19.04
東京,吉田隼人,381,28,73,7.35,19.16
東京,和田竜二,341,14,66,4.11,19.35
東京,和田翼,17,1,5,5.88,29.41
東京,嘉藤貴行,608,9,42,1.48,6.91
東京,四位洋文,54,4,15,7.41,27.78
東京,団野大成,53,2,14,3.77,26.42
東京,国分優作,5,0,0,0.0,0.0
東京,国分恭介,28,0,2,0.0,7.14
東京,土田真翔,3,0,0,0.0,0.0
東京,坂井瑠星,268,18,58,6.72,21.64
東京,城戸義政,13,0,1,0.0,7.69
東京,大塚海渡,39,0,2,0.0,5.13
東京,大庭和弥,109,3,9,2.75,8.26
東京,大江原圭,3,0,0,0.0,0.0
東京,大野拓弥,2007,119,403,5.93,20.08
東京,太宰啓介,24,0,4,0.0,16.67
東京,宮崎光行,2,0,0,0.0,0.0
東京,宮崎北斗,369,9,31,2.44,8.4
東京,富田暁,24,0,2,0.0,8.33
東京,小坂忠士,1,1,1,100.0,100.0
東京,小島太一,33,0,1,0.0,3.03
東京,小崎綾也,15,0,1,0.0,6.67
東京,小林凌大,113,4,11,3.54,9.73
東京,小林脩斗,193,6,13,3.11,6.74
東京,小牧太,21,0,2,0.0,9.52
東京,小野寺祐,13,0,0,0.0,0.0
東京,山中悠希,1,0,0,0.0,0.0
東京,山本康志,1,0,0,0.0,0.0
東京,山本聡哉,11,0,0,0.0,0.0
東京,山田敬士,401,6,20,1.5,4.99
東京,岡村健司,1,0,0,0.0,0.0
東京,岡田祥嗣,18,0,2,0.0,11.11
東京,岩田康誠,602,37,136,6.15,22.59
東京,岩田望来,248,16,66,6.45,26.61
東京,岩部純二,441,12,33,2.72,7.48
東京,嶋田純次,199,6,23,3.02,11.56
東京,川又賢治,13,0,1,0.0,7.69
東京,川島信二,19,2,6,10.53,31.58
東京,川田将雅,394,65,177,16.5,44.92
東京,川須栄彦,30,1,4,3.33,13.33
東京,左海誠二,4,0,0,0.0,0.0
東京,平野優,13,0,0,0.0,0.0
東京,幸英明,119,3,15,2.52,12.61
東京,張田昂,3,0,1,0.0,33.33
東京,御神本訓,4,0,0,0.0,0.0
東京,戸崎圭太,2104,345,883,16.4,41.97
東京,斎藤新,76,3,8,3.95,10.53
東京,服部寿希,2,0,0,0.0,0.0
東京,服部茂史,15,0,0,0.0,0.0
東京,木幡初也,194,3,16,1.55,8.25
東京,木幡初広,96,3,13,3.12,13.54
東京,木幡巧也,1136,37,161,3.26,14.17
東京,木幡育也,640,15,60,2.34,9.38
東京,本田正重,3,0,0,0.0,0.0
東京,杉原誠人,372,10,43,2.69,11.56
東京,村田一誠,177,4,16,2.26,9.04
東京,松山弘平,316,28,86,8.86,27.22
東京,松岡正海,1117,36,151,3.22,13.52
東京,松本大輝,10,0,1,0.0,10.0
東京,松田大作,106,4,15,3.77,14.15
東京,松若風馬,97,4,13,4.12,13.4
東京,柴山雄一,596,27,101,4.53,16.95
東京,柴田善臣,965,42,170,4.35,17.62
東京,柴田大知,1793,61,255,3.4,14.22
東京,柴田未崎,9,0,0,0.0,0.0
東京,桑村真明,4,1,1,25.0,25.0
東京,森一馬,11,1,1,9.09,9.09
東京,森泰斗,24,1,3,4.17,12.5
東京,森裕太朗,14,0,1,0.0,7.14
東京,横山典弘,1007,111,275,11.02,27.31
東京,横山和生,573,27,102,4.71,17.8
東京,横山武史,822,76,223,9.25,27.13
東京,横山琉人,133,2,11,1.5,8.27
東京,武士沢友,1102,17,107,1.54,9.71
東京,武幸四郎,10,0,0,0.0,0.0
東京,武藤雅,1297,57,214,4.39,16.5
東京,武豊,540,61,174,11.3,32.22
東京,水口優也,7,0,1,0.0,14.29
東京,水沼元輝,25,0,3,0.0,12.0
東京,永野猛蔵,593,23,90,3.88,15.18
東京,江田勇亮,1,0,0,0.0,0.0
東京,江田照男,1450,25,129,1.72,8.9
東京,池添謙一,243,25,52,10.29,21.4
東京,泉谷楓真,8,0,1,0.0,12.5
東京,津村明秀,1089,68,237,6.24,21.76
東京,浜中俊,143,14,31,9.79,21.68
東京,浜野谷憲,1,0,0,0.0,0.0
東京,瀧川寿希,7,0,0,0.0,0.0
東京,熊沢重文,11,0,1,0.0,9.09
東京,田中健,7,1,2,14.29,28.57
東京,田中勝春,973,44,175,4.52,17.99
東京,田中博康,5,0,0,0.0,0.0
東京,田辺裕信,1999,218,620,10.91,31.02
東京,町田直希,2,0,0,0.0,0.0
東京,畑端省吾,6,0,2,0.0,33.33
東京,的場勇人,258,4,15,1.55,5.81
東京,真島大輔,7,0,0,0.0,0.0
東京,石川倭,6,0,0,0.0,0.0
東京,石川裕紀,1453,59,226,4.06,15.55
東京,石橋脩,1281,109,341,8.51,26.62
東京,石神深一,8,0,0,0.0,0.0
東京,福永祐一,736,96,268,13.04,36.41
東京,秋山真一,48,1,10,2.08,20.83
東京,秋山稔樹,63,0,5,0.0,7.94
東京,竹之下智,9,0,1,0.0,11.11
東京,笹川翼,4,0,0,0.0,0.0
東京,繁田健一,2,0,0,0.0,0.0
東京,草野太郎,2,0,0,0.0,0.0
東京,荻野極,161,9,31,5.59,19.25
東京,荻野琢真,14,0,2,0.0,14.29
東京,菅原明良,625,41,134,6.56,21.44
東京,菅原隆一,214,2,17,0.93,7.94
東京,菊沢一樹,634,15,71,2.37,11.2
東京,菱田裕二,58,4,10,6.9,17.24
東京,蓑島靖典,2,0,0,0.0,0.0
東京,藤井勘一,69,5,11,7.25,15.94
東京,藤岡佑介,177,12,41,6.78,23.16
東京,藤岡康太,100,2,14,2.0,14.0
東京,藤懸貴志,29,2,8,6.9,27.59
東京,藤田菜七,507,13,47,2.56,9.27
東京,蛯名正義,720,40,162,5.56,22.5
東京,西塚洸二,46,2,6,4.35,13.04
東京,西村太一,62,1,5,1.61,8.06
東京,西村淳也,19,0,1,0.0,5.26
東京,西田雄一,146,2,9,1.37,6.16
東京,達城龍次,4,0,0,0.0,0.0
東京,酒井学,137,7,18,5.11,13.14
東京,野中悠太,1478,36,159,2.44,10.76
東京,長岡禎仁,93,1,7,1.08,7.53
東京,高倉稜,50,2,7,4.0,14.0
東京,高田潤,1,0,1,0.0,100.0
東京,高野和馬,5,0,2,0.0,40.0
東京,鮫島克駿,104,2,15,1.92,14.42
東京,鮫島良太,21,0,1,0.0,4.76
東京,黒岩悠,4,0,0,0.0,0.0
東京,黛弘人,211,8,23,3.79,10.9
東京,Ｃ．デム,81,7,28,8.64,34.57
東京,Ｍ．デム,1106,167,451,15.1,40.78
福島,シュタル,13,1,3,7.69,23.08
福島,シュミノ,3,0,1,0.0,33.33
福島,レーン,27,4,9,14.81,33.33
福島,三津谷隼,19,0,2,0.0,10.53
福島,三浦皇成,248,30,97,12.1,39.11
福島,上野翔,3,0,0,0.0,0.0
福島,中井裕二,172,4,23,2.33,13.37
福島,中村将之,1,0,0,0.0,0.0
福島,中谷雄太,127,7,28,5.51,22.05
福島,丸山元気,492,55,143,11.18,29.07
福島,丸田恭介,562,24,98,4.27,17.44
福島,丹内祐次,473,24,97,5.07,20.51
福島,亀田温心,187,12,44,6.42,23.53
福島,二本柳壮,35,1,2,2.86,5.71
福島,五十嵐冬,2,0,1,0.0,50.0
福島,五十嵐雄,2,0,0,0.0,0.0
福島,井上敏樹,159,10,22,6.29,13.84
福島,伊藤工真,107,3,9,2.8,8.41
福島,伴啓太,211,6,27,2.84,12.8
福島,佐々木大,77,2,9,2.6,11.69
福島,佐久間寛,1,0,0,0.0,0.0
福島,内田博幸,442,32,116,7.24,26.24
福島,加藤祥太,151,7,23,4.64,15.23
福島,勝浦正樹,358,30,83,8.38,23.18
福島,北村友一,132,14,33,10.61,25.0
福島,北村宏司,209,26,59,12.44,28.23
福島,原優介,241,9,43,3.73,17.84
福島,原田和真,151,5,22,3.31,14.57
福島,古川吉洋,72,7,18,9.72,25.0
福島,古川奈穂,3,0,1,0.0,33.33
福島,吉田豊,239,9,35,3.77,14.64
福島,吉田隼人,441,53,153,12.02,34.69
福島,和田竜二,45,5,12,11.11,26.67
福島,和田翼,80,2,15,2.5,18.75
福島,嘉藤貴行,199,5,18,2.51,9.05
福島,四位洋文,2,0,0,0.0,0.0
福島,団野大成,151,13,38,8.61,25.17
福島,国分優作,53,4,7,7.55,13.21
福島,国分恭介,10,0,0,0.0,0.0
福島,土田真翔,17,0,1,0.0,5.88
福島,坂井瑠星,88,9,19,10.23,21.59
福島,城戸義政,90,4,17,4.44,18.89
福島,大久保友,18,0,1,0.0,5.56
福島,大塚海渡,48,0,5,0.0,10.42
福島,大庭和弥,45,0,3,0.0,6.67
福島,大柿一真,1,0,0,0.0,0.0
福島,大江原圭,2,0,1,0.0,50.0
福島,大畑雅章,1,0,0,0.0,0.0
福島,大野拓弥,266,18,69,6.77,25.94
福島,太宰啓介,23,0,6,0.0,26.09
福島,宮崎北斗,259,6,29,2.32,11.2
福島,富田暁,175,11,32,6.29,18.29
福島,小坂忠士,11,1,4,9.09,36.36
福島,小島太一,11,0,0,0.0,0.0
福島,小崎綾也,70,3,7,4.29,10.0
福島,小林凌大,186,2,17,1.08,9.14
福島,小林徹弥,1,0,0,0.0,0.0
福島,小林脩斗,185,7,26,3.78,14.05
福島,小沢大仁,49,1,6,2.04,12.24
福島,小牧太,15,0,6,0.0,40.0
福島,小野寺祐,12,1,1,8.33,8.33
福島,山田敬士,238,9,27,3.78,11.34
福島,岡田祥嗣,12,0,0,0.0,0.0
福島,岩田康誠,46,7,16,15.22,34.78
福島,岩田望来,33,1,7,3.03,21.21
福島,岩部純二,117,8,20,6.84,17.09
福島,嶋田純次,197,5,23,2.54,11.68
福島,川又賢治,271,26,69,9.59,25.46
福島,川島信二,14,2,2,14.29,14.29
福島,川田将雅,3,0,0,0.0,0.0
福島,川端海翼,3,0,0,0.0,0.0
福島,川須栄彦,113,8,25,7.08,22.12
福島,平野優,12,0,0,0.0,0.0
福島,幸英明,10,2,4,20.0,40.0
福島,戸崎圭太,464,95,211,20.47,45.47
福島,斎藤新,279,27,74,9.68,26.52
福島,服部寿希,29,1,1,3.45,3.45
福島,木幡初也,365,9,44,2.47,12.05
福島,木幡初広,8,0,0,0.0,0.0
福島,木幡巧也,614,36,113,5.86,18.4
福島,木幡育也,268,15,40,5.6,14.93
福島,杉原誠人,331,11,42,3.32,12.69
福島,村田一誠,56,2,5,3.57,8.93
福島,松山弘平,28,3,6,10.71,21.43
福島,松岡正海,135,10,25,7.41,18.52
福島,松本大輝,98,8,26,8.16,26.53
福島,松田大作,12,0,3,0.0,25.0
福島,松若風馬,31,3,6,9.68,19.35
福島,柴山雄一,212,10,39,4.72,18.4
福島,柴田善臣,261,19,58,7.28,22.22
福島,柴田大知,442,31,110,7.01,24.89
福島,柴田未崎,4,0,0,0.0,0.0
福島,柿原翔,1,0,0,0.0,0.0
福島,森一馬,20,0,2,0.0,10.0
福島,森泰斗,20,0,1,0.0,5.0
福島,森裕太朗,117,7,19,5.98,16.24
福島,横山典弘,143,13,39,9.09,27.27
福島,横山和生,191,15,40,7.85,20.94
福島,横山武史,267,23,67,8.61,25.09
福島,横山琉人,96,5,14,5.21,14.58
福島,武士沢友,204,4,19,1.96,9.31
福島,武藤雅,328,15,61,4.57,18.6
福島,武豊,34,4,15,11.76,44.12
福島,水口優也,29,3,5,10.34,17.24
福島,水沼元輝,26,0,1,0.0,3.85
福島,永島まな,69,9,17,13.04,24.64
福島,永野猛蔵,124,5,26,4.03,20.97
福島,江田勇亮,2,0,0,0.0,0.0
福島,江田照男,359,9,40,2.51,11.14
福島,池添謙一,22,3,8,13.64,36.36
福島,泉谷楓真,73,2,17,2.74,23.29
福島,津村明秀,578,46,157,7.96,27.16
福島,瀧川寿希,3,0,2,0.0,66.67
福島,熊沢重文,13,0,1,0.0,7.69
福島,田中健,21,2,6,9.52,28.57
福島,田中勝春,205,11,36,5.37,17.56
福島,田中博康,5,0,0,0.0,0.0
福島,田辺裕信,283,50,129,17.67,45.58
福島,畑端省吾,6,1,1,16.67,16.67
福島,的場勇人,95,1,10,1.05,10.53
福島,真島大輔,13,0,0,0.0,0.0
福島,石川裕紀,268,20,45,7.46,16.79
福島,石橋脩,363,38,113,10.47,31.13
福島,石神深一,6,0,1,0.0,16.67
福島,福永祐一,16,1,8,6.25,50.0
福島,秋山真一,128,16,41,12.5,32.03
福島,秋山稔樹,174,14,36,8.05,20.69
福島,竹之下智,3,0,1,0.0,33.33
福島,義英真,44,2,10,4.55,22.73
福島,草野太郎,1,0,0,0.0,0.0
福島,荻野極,240,19,46,7.92,19.17
福島,荻野琢真,39,3,6,7.69,15.38
福島,菅原俊吏,3,0,0,0.0,0.0
福島,菅原明良,396,34,108,8.59,27.27
福島,菅原隆一,56,2,3,3.57,5.36
福島,菊沢一樹,542,26,83,4.8,15.31
福島,菱田裕二,342,32,87,9.36,25.44
福島,藤井勘一,31,1,3,3.23,9.68
福島,藤岡佑介,19,1,7,5.26,36.84
福島,藤岡康太,5,0,1,0.0,20.0
福島,藤懸貴志,86,5,18,5.81,20.93
福島,藤田菜七,609,30,93,4.93,15.27
福島,蛯名正義,127,13,31,10.24,24.41
福島,西塚洸二,21,2,3,9.52,14.29
福島,西村太一,53,0,2,0.0,3.77
福島,西村淳也,368,42,118,11.41,32.07
福島,西田雄一,238,3,22,1.26,9.24
福島,西谷凜,16,0,1,0.0,6.25
福島,角田大和,91,11,27,12.09,29.67
福島,酒井学,97,5,20,5.15,20.62
福島,野中悠太,252,12,36,4.76,14.29
福島,長岡禎仁,138,2,17,1.45,12.32
福島,難波剛健,4,0,0,0.0,0.0
福島,高倉稜,29,1,2,3.45,6.9
福島,高松亮,3,0,0,0.0,0.0
福島,高田潤,11,1,1,9.09,9.09
福島,高野和馬,1,0,0,0.0,0.0
福島,鮫島克駿,424,35,115,8.25,27.12
福島,鮫島良太,60,5,12,8.33,20.0
福島,鷲頭虎太,21,0,2,0.0,9.52
福島,黒岩悠,2,0,0,0.0,0.0
福島,黛弘人,319,11,47,3.45,14.73
福島,Ｍ．デム,104,14,38,13.46,36.54
阪神,アッゼニ,23,4,7,17.39,30.43
阪神,アヴドゥ,7,0,2,0.0,28.57
阪神,イーガン,30,5,13,16.67,43.33
阪神,シュタル,170,15,47,8.82,27.65
阪神,シュミノ,64,3,13,4.69,20.31
阪神,スミヨン,24,2,8,8.33,33.33
阪神,デットー,5,1,2,20.0,40.0
阪神,デュプレ,30,3,5,10.0,16.67
阪神,バルザロ,37,4,8,10.81,21.62
阪神,バルジュ,59,7,19,11.86,32.2
阪神,ヒューイ,12,1,4,8.33,33.33
阪神,ビュイッ,18,1,6,5.56,33.33
阪神,フォーリ,28,1,7,3.57,25.0
阪神,ベリー,9,1,2,11.11,22.22
阪神,ボウマン,14,1,4,7.14,28.57
阪神,マーフィ,10,2,3,20.0,30.0
阪神,ミナリク,4,0,0,0.0,0.0
阪神,ムルザバ,10,2,6,20.0,60.0
阪神,ムーア,38,6,15,15.79,39.47
阪神,モレイラ,9,4,6,44.44,66.67
阪神,ルメール,801,168,401,20.97,50.06
阪神,レーン,34,7,17,20.59,50.0
阪神,ヴェロン,62,3,17,4.84,27.42
阪神,三津谷隼,286,6,25,2.1,8.74
阪神,三浦皇成,121,11,23,9.09,19.01
阪神,下原理,7,0,0,0.0,0.0
阪神,中井裕二,347,13,51,3.75,14.7
阪神,中村将之,4,0,0,0.0,0.0
阪神,中谷雄太,204,8,36,3.92,17.65
阪神,丸山元気,132,2,16,1.52,12.12
阪神,丸田恭介,40,1,8,2.5,20.0
阪神,丹内祐次,108,1,10,0.93,9.26
阪神,亀田温心,217,4,17,1.84,7.83
阪神,五十嵐冬,4,0,0,0.0,0.0
阪神,五十嵐雄,2,0,0,0.0,0.0
阪神,井上敏樹,2,1,1,50.0,50.0
阪神,今井貴大,2,0,1,0.0,50.0
阪神,今村聖奈,191,8,31,4.19,16.23
阪神,仲原大生,2,0,0,0.0,0.0
阪神,伊藤工真,3,0,1,0.0,33.33
阪神,佐久間寛,9,0,1,0.0,11.11
阪神,佐藤友則,137,1,7,0.73,5.11
阪神,内田博幸,104,5,15,4.81,14.42
阪神,出水拓人,2,0,0,0.0,0.0
阪神,加藤祥太,447,8,42,1.79,9.4
阪神,加藤聡一,1,0,0,0.0,0.0
阪神,勝浦正樹,12,0,1,0.0,8.33
阪神,北村友一,924,89,265,9.63,28.68
阪神,北村宏司,40,4,9,10.0,22.5
阪神,原優介,9,0,0,0.0,0.0
阪神,原田和真,31,4,10,12.9,32.26
阪神,古川吉洋,775,29,121,3.74,15.61
阪神,古川奈穂,122,5,31,4.1,25.41
阪神,吉井友彦,4,0,0,0.0,0.0
阪神,吉井章,2,1,1,50.0,50.0
阪神,吉村智洋,8,0,1,0.0,12.5
阪神,吉田豊,8,0,0,0.0,0.0
阪神,吉田隼人,539,56,145,10.39,26.9
阪神,和田竜二,2368,173,632,7.31,26.69
阪神,和田翼,485,15,50,3.09,10.31
阪神,嘉藤貴行,2,0,0,0.0,0.0
阪神,四位洋文,357,21,98,5.88,27.45
阪神,団野大成,766,54,167,7.05,21.8
阪神,国分優作,989,22,125,2.22,12.64
阪神,国分恭介,1017,45,155,4.42,15.24
阪神,坂井瑠星,1035,93,289,8.99,27.92
阪神,城戸義政,335,3,31,0.9,9.25
阪神,塚本雄大,2,0,2,0.0,100.0
阪神,大下智,15,0,0,0.0,0.0
阪神,大久保友,59,0,3,0.0,5.08
阪神,大山真吾,9,1,1,11.11,11.11
阪神,大野拓弥,55,3,7,5.45,12.73
阪神,太宰啓介,871,25,141,2.87,16.19
阪神,宮崎北斗,11,0,2,0.0,18.18
阪神,富田暁,762,24,101,3.15,13.25
阪神,小坂忠士,30,1,2,3.33,6.67
阪神,小崎綾也,508,14,58,2.76,11.42
阪神,小林徹弥,105,0,6,0.0,5.71
阪神,小林脩斗,2,0,0,0.0,0.0
阪神,小沢大仁,321,15,44,4.67,13.71
阪神,小牧太,868,42,140,4.84,16.13
阪神,小谷周平,1,0,0,0.0,0.0
阪神,小野寺祐,1,0,1,0.0,100.0
阪神,山下雅之,1,0,0,0.0,0.0
阪神,山口勲,23,0,3,0.0,13.04
阪神,山田敬士,5,0,0,0.0,0.0
阪神,山田祥雄,1,0,0,0.0,0.0
阪神,山田雄大,1,0,0,0.0,0.0
阪神,岡田祥嗣,293,14,45,4.78,15.36
阪神,岡部誠,6,0,1,0.0,16.67
阪神,岩橋勇二,2,0,0,0.0,0.0
阪神,岩田康誠,1280,114,369,8.91,28.83
阪神,岩田望来,1083,124,332,11.45,30.66
阪神,岩部純二,4,0,0,0.0,0.0
阪神,嶋田純次,6,0,0,0.0,0.0
阪神,川又賢治,421,18,65,4.28,15.44
阪神,川島信二,411,20,69,4.87,16.79
阪神,川田将雅,1442,345,794,23.93,55.06
阪神,川端海翼,38,1,2,2.63,5.26
阪神,川須栄彦,787,24,106,3.05,13.47
阪神,平野優,2,0,0,0.0,0.0
阪神,幸英明,2241,160,509,7.14,22.71
阪神,戸崎圭太,270,43,97,15.93,35.93
阪神,斎藤新,409,14,62,3.42,15.16
阪神,服部寿希,186,1,11,0.54,5.91
阪神,木幡初也,20,1,3,5.0,15.0
阪神,木幡初広,1,0,0,0.0,0.0
阪神,木幡育也,11,0,2,0.0,18.18
阪神,杉原誠人,30,0,1,0.0,3.33
阪神,村田一誠,1,0,0,0.0,0.0
阪神,松山弘平,1993,206,599,10.34,30.06
阪神,松岡正海,70,1,4,1.43,5.71
阪神,松本大輝,181,9,17,4.97,9.39
阪神,松田大作,526,27,96,5.13,18.25
阪神,松若風馬,1680,94,305,5.6,18.15
阪神,柴山雄一,159,7,23,4.4,14.47
阪神,柴田善臣,22,2,5,9.09,22.73
阪神,柴田大知,59,5,14,8.47,23.73
阪神,柴田未崎,154,3,13,1.95,8.44
阪神,柿原翔,3,0,0,0.0,0.0
阪神,森一馬,58,2,8,3.45,13.79
阪神,森裕太朗,572,20,75,3.5,13.11
阪神,横山典弘,321,26,95,8.1,29.6
阪神,横山和生,92,11,25,11.96,27.17
阪神,横山武史,117,10,27,8.55,23.08
阪神,武士沢友,4,0,0,0.0,0.0
阪神,武幸四郎,73,6,14,8.22,19.18
阪神,武藤雅,19,0,1,0.0,5.26
阪神,武豊,1227,163,466,13.28,37.98
阪神,水口優也,297,5,35,1.68,11.78
阪神,永島まな,81,2,4,2.47,4.94
阪神,永島太郎,1,0,0,0.0,0.0
阪神,永野猛蔵,7,0,1,0.0,14.29
阪神,江田照男,20,0,0,0.0,0.0
阪神,池添謙一,1094,83,287,7.59,26.23
阪神,池谷匠翔,2,0,1,0.0,50.0
阪神,泉谷楓真,351,13,50,3.7,14.25
阪神,津村明秀,36,0,5,0.0,13.89
阪神,浜中俊,1119,109,356,9.74,31.81
阪神,熊沢重文,44,2,7,4.55,15.91
阪神,田中健,435,17,62,3.91,14.25
阪神,田中勝春,23,2,5,8.7,21.74
阪神,田中博康,6,0,0,0.0,0.0
阪神,田中学,24,0,2,0.0,8.33
阪神,田村太雅,7,0,0,0.0,0.0
阪神,田辺裕信,118,12,28,10.17,23.73
阪神,畑端省吾,53,1,4,1.89,7.55
阪神,的場勇人,1,0,0,0.0,0.0
阪神,石川裕紀,33,0,4,0.0,12.12
阪神,石橋脩,134,13,26,9.7,19.4
阪神,福原杏,2,0,0,0.0,0.0
阪神,福永祐一,1521,248,631,16.31,41.49
阪神,秋山真一,770,57,172,7.4,22.34
阪神,秋山稔樹,7,0,1,0.0,14.29
阪神,竹之下智,95,1,6,1.05,6.32
阪神,筒井勇介,3,0,0,0.0,0.0
阪神,細川智史,2,0,0,0.0,0.0
阪神,義英真,245,5,21,2.04,8.57
阪神,荻野極,699,33,93,4.72,13.3
阪神,荻野琢真,188,4,20,2.13,10.64
阪神,菅原明良,25,1,7,4.0,28.0
阪神,菅原隆一,7,1,1,14.29,14.29
阪神,菊沢一樹,17,0,2,0.0,11.76
阪神,菱田裕二,535,25,82,4.67,15.33
阪神,藤井勘一,423,10,58,2.36,13.71
阪神,藤原幹生,1,0,0,0.0,0.0
阪神,藤岡佑介,1028,82,294,7.98,28.6
阪神,藤岡康太,1259,79,269,6.27,21.37
阪神,藤懸貴志,513,15,56,2.92,10.92
阪神,藤田弘治,2,0,0,0.0,0.0
阪神,藤田菜七,29,0,1,0.0,3.45
阪神,蛯名正義,72,5,12,6.94,16.67
阪神,西村太一,1,0,0,0.0,0.0
阪神,西村淳也,546,20,89,3.66,16.3
阪神,西田雄一,3,0,1,0.0,33.33
阪神,西谷凜,50,0,8,0.0,16.0
阪神,角田大和,244,10,39,4.1,15.98
阪神,角田大河,263,13,45,4.94,17.11
阪神,酒井学,1227,36,181,2.93,14.75
阪神,野中悠太,16,0,3,0.0,18.75
阪神,金山昇馬,2,0,0,0.0,0.0
阪神,長岡禎仁,173,5,18,2.89,10.4
阪神,難波剛健,19,0,0,0.0,0.0
阪神,高倉稜,680,28,91,4.12,13.38
阪神,高田潤,46,1,2,2.17,4.35
阪神,鮫島克駿,1109,69,223,6.22,20.11
阪神,鮫島良太,476,20,61,4.2,12.82
阪神,鴨宮祥行,3,0,0,0.0,0.0
阪神,鷲頭虎太,24,0,1,0.0,4.17
阪神,黒岩悠,13,0,1,0.0,7.69
阪神,黛弘人,2,0,0,0.0,0.0
阪神,Ｃ．デム,195,51,95,26.15,48.72
阪神,Ｍ．デム,771,165,368,21.4,47.73
